{
  "avg_css_classes": 130.21428571428572,
  "avg_css_classes_skipped": 1001.2142857142857,
  "avg_css_properties": 71.52380952380952,
  "avg_css_properties_skipped": 17.071428571428573,
  "avg_css_urls": 5.261904761904762,
  "avg_css_urls_before_sanitizing": 5.285714285714286,
  "avg_html_classes": 247.14285714285714,
  "avg_html_classes_before_sanitizing": 251.35714285714286,
  "avg_html_tags": 28.80952380952381,
  "avg_html_tags_before_sanitizing": 36.54761904761905,
  "avg_n_css_lines": 1467,
  "avg_n_html_lines": 1563.5238095238096,
  "avg_n_html_nodes": 945.1428571428571,
  "avg_n_html_nodes_before_sanitizing": 1121.9761904761904,
  "avg_n_html_sanitized_lines": 1335.8333333333333,
  "css_classes": [
    0,
    0,
    0,
    0,
    0,
    0,
    0,
    0,
    0,
    0,
    2,
    13,
    34,
    76,
    76,
    95,
    99,
    114,
    114,
    114,
    125,
    131,
    145,
    146,
    147,
    150,
    150,
    158,
    158,
    159,
    160,
    180,
    190,
    242,
    242,
    290,
    303,
    304,
    314,
    328,
    339,
    371
  ],
  "css_classes_skipped": [
    0,
    0,
    0,
    0,
    0,
    0,
    0,
    0,
    0,
    6,
    23,
    62,
    108,
    154,
    244,
    272,
    287,
    339,
    370,
    468,
    534,
    633,
    722,
    832,
    934,
    1022,
    1113,
    1113,
    1213,
    1228,
    1283,
    1349,
    1351,
    1385,
    1632,
    1677,
    2231,
    2358,
    2434,
    4486,
    4920,
    5268
  ],
  "css_properties": [
    0,
    0,
    0,
    0,
    0,
    0,
    0,
    0,
    0,
    0,
    2,
    10,
    10,
    26,
    28,
    37,
    37,
    43,
    46,
    64,
    64,
    69,
    70,
    71,
    73,
    76,
    76,
    81,
    82,
    83,
    83,
    87,
    103,
    107,
    112,
    139,
    152,
    177,
    204,
    224,
    234,
    334
  ],
  "css_properties_skipped": [
    0,
    0,
    0,
    0,
    0,
    0,
    0,
    0,
    0,
    0,
    0,
    0,
    0,
    6,
    8,
    12,
    13,
    15,
    15,
    15,
    15,
    16,
    19,
    19,
    19,
    20,
    21,
    21,
    21,
    22,
    24,
    25,
    26,
    29,
    30,
    35,
    36,
    40,
    45,
    50,
    50,
    50
  ],
  "css_urls": [
    0,
    0,
    0,
    0,
    0,
    0,
    0,
    1,
    1,
    1,
    1,
    1,
    1,
    2,
    2,
    2,
    2,
    2,
    2,
    2,
    3,
    3,
    3,
    3,
    4,
    4,
    5,
    6,
    6,
    7,
    7,
    7,
    8,
    9,
    9,
    10,
    10,
    11,
    17,
    19,
    22,
    28
  ],
  "css_urls_before_sanitizing": [
    0,
    0,
    0,
    0,
    0,
    0,
    0,
    1,
    1,
    1,
    1,
    1,
    1,
    2,
    2,
    2,
    2,
    2,
    2,
    2,
    3,
    3,
    3,
    3,
    4,
    4,
    5,
    6,
    6,
    7,
    7,
    7,
    8,
    9,
    9,
    10,
    10,
    11,
    17,
    19,
    23,
    28
  ],
  "html_classes": [
    89,
    110,
    128,
    128,
    134,
    141,
    149,
    150,
    152,
    158,
    160,
    165,
    172,
    176,
    192,
    193,
    194,
    203,
    209,
    215,
    216,
    218,
    219,
    225,
    229,
    236,
    252,
    254,
    257,
    260,
    272,
    281,
    309,
    328,
    332,
    344,
    369,
    398,
    464,
    533,
    565,
    601
  ],
  "html_classes_before_sanitizing": [
    89,
    111,
    130,
    133,
    136,
    142,
    149,
    151,
    155,
    160,
    164,
    166,
    173,
    177,
    192,
    194,
    196,
    203,
    216,
    217,
    218,
    220,
    221,
    230,
    239,
    240,
    256,
    257,
    258,
    262,
    279,
    282,
    316,
    329,
    333,
    356,
    401,
    413,
    465,
    547,
    573,
    608
  ],
  "html_tags": [
    20,
    21,
    22,
    22,
    24,
    24,
    24,
    25,
    25,
    25,
    25,
    26,
    27,
    27,
    27,
    27,
    27,
    28,
    28,
    29,
    29,
    29,
    29,
    30,
    30,
    30,
    30,
    31,
    31,
    31,
    31,
    32,
    32,
    32,
    32,
    33,
    35,
    35,
    35,
    36,
    37,
    37
  ],
  "html_tags_before_sanitizing": [
    26,
    27,
    27,
    28,
    28,
    28,
    29,
    29,
    29,
    30,
    30,
    30,
    32,
    32,
    32,
    33,
    33,
    34,
    34,
    35,
    35,
    36,
    38,
    38,
    38,
    39,
    40,
    41,
    41,
    41,
    42,
    42,
    43,
    43,
    45,
    45,
    45,
    46,
    46,
    47,
    48,
    50
  ],
  "n_css_lines": [
    0,
    0,
    0,
    0,
    0,
    0,
    0,
    0,
    3,
    7,
    19,
    50,
    58,
    83,
    735,
    888,
    890,
    1094,
    1238,
    1359,
    1433,
    1436,
    1511,
    1631,
    1742,
    1792,
    1857,
    1871,
    1880,
    1943,
    1944,
    2172,
    2394,
    2444,
    2868,
    2969,
    3003,
    3024,
    3230,
    3561,
    4430,
    6055
  ],
  "n_html_lines": [
    10,
    62,
    93,
    135,
    164,
    203,
    288,
    304,
    471,
    504,
    674,
    704,
    713,
    731,
    750,
    751,
    769,
    771,
    781,
    846,
    862,
    941,
    1019,
    1033,
    1135,
    1165,
    1210,
    1244,
    1258,
    1397,
    1431,
    1869,
    2398,
    2417,
    2431,
    2894,
    2959,
    3211,
    3253,
    4960,
    5891,
    10966
  ],
  "n_html_nodes": [
    235,
    293,
    309,
    316,
    366,
    430,
    447,
    462,
    465,
    473,
    479,
    493,
    517,
    526,
    530,
    556,
    568,
    648,
    658,
    679,
    685,
    716,
    738,
    754,
    756,
    877,
    889,
    898,
    905,
    952,
    1075,
    1089,
    1144,
    1172,
    1444,
    1453,
    1495,
    1585,
    1668,
    1829,
    3843,
    4279
  ],
  "n_html_nodes_before_sanitizing": [
    397,
    406,
    414,
    440,
    482,
    532,
    536,
    545,
    551,
    588,
    622,
    636,
    648,
    673,
    689,
    707,
    726,
    741,
    804,
    805,
    816,
    875,
    940,
    959,
    991,
    992,
    1020,
    1027,
    1082,
    1151,
    1224,
    1272,
    1385,
    1443,
    1599,
    1602,
    1729,
    1873,
    1961,
    1967,
    4579,
    4694
  ],
  "n_html_sanitized_lines": [
    315,
    371,
    375,
    388,
    412,
    590,
    596,
    633,
    657,
    697,
    704,
    728,
    746,
    753,
    773,
    779,
    786,
    841,
    849,
    861,
    887,
    966,
    975,
    1049,
    1094,
    1209,
    1263,
    1263,
    1394,
    1510,
    1580,
    1592,
    1758,
    1804,
    1858,
    2330,
    2400,
    2418,
    2971,
    3371,
    4206,
    5353
  ],
  "n_websites": 42,
  "screenshot_height": [
    1021,
    1024,
    1024,
    1024,
    1024,
    1592,
    2152,
    2176,
    2677,
    2889,
    3355,
    3510,
    3809,
    3918,
    3951,
    4247,
    4393,
    4671,
    4674,
    5101,
    5165,
    5485,
    5646,
    5755,
    6081,
    6277,
    6308,
    6510,
    6631,
    6910,
    6921,
    7017,
    7308,
    7788,
    8068,
    9069,
    10013,
    10790,
    12155,
    15991,
    21263,
    28230
  ],
  "screenshot_width": [
    1280,
    1280,
    1280,
    1280,
    1280,
    1280,
    1280,
    1280,
    1280,
    1280,
    1280,
    1280,
    1280,
    1280,
    1280,
    1280,
    1280,
    1280,
    1280,
    1280,
    1280,
    1280,
    1280,
    1280,
    1280,
    1280,
    1280,
    1280,
    1280,
    1280,
    1280,
    1280,
    1280,
    1280,
    1280,
    1280,
    1280,
    1280,
    1280,
    1280,
    1280,
    1318
  ]
}