{
  "avg_css_urls": 6.842105263157895,
  "avg_css_urls_raw": 6.859649122807017,
  "avg_html_classes": 245.5438596491228,
  "avg_html_classes_raw": 250.140350877193,
  "avg_html_tags": 28.526315789473685,
  "avg_html_tags_raw": 37.175438596491226,
  "avg_n_html_nodes": 971.719298245614,
  "avg_n_html_nodes_raw": 1141.6315789473683,
  "avg_n_lines_css": 1772.137254901961,
  "avg_n_lines_css_raw": 17225.823529411766,
  "avg_n_lines_html": 1391.2105263157894,
  "avg_n_lines_html_raw": 1918.5263157894738,
  "css_classes": [],
  "css_classes_raw": [],
  "css_classes_skipped": [],
  "css_classes_skipped_raw": [],
  "css_properties": [],
  "css_properties_raw": [],
  "css_properties_skipped": [],
  "css_properties_skipped_raw": [],
  "css_urls": [
    0,
    0,
    0,
    0,
    0,
    0,
    1,
    1,
    1,
    1,
    1,
    1,
    1,
    1,
    2,
    2,
    2,
    2,
    2,
    2,
    2,
    2,
    2,
    2,
    3,
    3,
    3,
    3,
    3,
    3,
    4,
    4,
    4,
    5,
    5,
    7,
    7,
    7,
    7,
    7,
    8,
    8,
    9,
    9,
    10,
    10,
    12,
    13,
    13,
    17,
    20,
    22,
    24,
    27,
    28,
    28,
    29
  ],
  "css_urls_raw": [
    0,
    0,
    0,
    0,
    0,
    0,
    1,
    1,
    1,
    1,
    1,
    1,
    1,
    1,
    2,
    2,
    2,
    2,
    2,
    2,
    2,
    2,
    2,
    2,
    3,
    3,
    3,
    3,
    3,
    3,
    4,
    4,
    4,
    5,
    5,
    7,
    7,
    7,
    7,
    7,
    8,
    8,
    9,
    9,
    10,
    10,
    12,
    13,
    13,
    17,
    20,
    23,
    24,
    27,
    28,
    28,
    29
  ],
  "html_classes": [
    3,
    24,
    77,
    111,
    124,
    124,
    128,
    133,
    139,
    142,
    150,
    152,
    168,
    171,
    173,
    176,
    178,
    188,
    192,
    203,
    215,
    216,
    218,
    220,
    225,
    227,
    229,
    230,
    233,
    236,
    237,
    242,
    257,
    257,
    259,
    261,
    262,
    265,
    267,
    269,
    271,
    285,
    292,
    309,
    309,
    310,
    323,
    352,
    353,
    358,
    370,
    396,
    409,
    432,
    467,
    567,
    612
  ],
  "html_classes_raw": [
    4,
    24,
    82,
    112,
    124,
    124,
    133,
    135,
    140,
    149,
    151,
    155,
    172,
    174,
    177,
    177,
    180,
    193,
    194,
    203,
    216,
    217,
    218,
    221,
    228,
    231,
    234,
    239,
    239,
    240,
    243,
    256,
    258,
    260,
    262,
    264,
    266,
    267,
    268,
    275,
    276,
    286,
    293,
    312,
    313,
    318,
    332,
    354,
    367,
    370,
    401,
    414,
    415,
    440,
    468,
    575,
    619
  ],
  "html_tags": [
    7,
    19,
    21,
    21,
    22,
    22,
    23,
    23,
    24,
    24,
    25,
    25,
    25,
    25,
    26,
    26,
    26,
    26,
    27,
    27,
    27,
    27,
    27,
    28,
    28,
    28,
    28,
    28,
    28,
    28,
    28,
    29,
    29,
    29,
    29,
    29,
    29,
    29,
    30,
    30,
    30,
    30,
    30,
    31,
    31,
    31,
    32,
    32,
    33,
    33,
    34,
    34,
    34,
    35,
    35,
    38,
    71
  ],
  "html_tags_raw": [
    13,
    24,
    27,
    27,
    28,
    29,
    30,
    30,
    30,
    30,
    30,
    30,
    31,
    32,
    32,
    32,
    32,
    32,
    33,
    33,
    33,
    33,
    33,
    34,
    34,
    35,
    35,
    35,
    36,
    37,
    38,
    38,
    38,
    38,
    38,
    39,
    39,
    40,
    41,
    41,
    41,
    41,
    42,
    42,
    43,
    44,
    45,
    45,
    45,
    46,
    46,
    47,
    47,
    48,
    50,
    51,
    76
  ],
  "n_html_nodes": [
    12,
    212,
    233,
    259,
    291,
    308,
    328,
    358,
    364,
    403,
    427,
    446,
    461,
    482,
    493,
    507,
    512,
    516,
    530,
    546,
    550,
    556,
    581,
    635,
    645,
    656,
    679,
    686,
    704,
    721,
    738,
    756,
    758,
    773,
    792,
    828,
    881,
    882,
    899,
    929,
    962,
    1094,
    1098,
    1132,
    1135,
    1211,
    1251,
    1382,
    1420,
    1444,
    1591,
    1772,
    1812,
    1872,
    3872,
    4562,
    5441
  ],
  "n_html_nodes_raw": [
    33,
    296,
    329,
    392,
    412,
    449,
    482,
    490,
    502,
    532,
    539,
    544,
    550,
    588,
    610,
    620,
    620,
    637,
    673,
    680,
    721,
    723,
    750,
    794,
    807,
    818,
    828,
    836,
    881,
    905,
    917,
    917,
    940,
    984,
    985,
    987,
    991,
    1028,
    1030,
    1085,
    1158,
    1238,
    1242,
    1318,
    1359,
    1371,
    1456,
    1602,
    1621,
    1645,
    1892,
    1941,
    2044,
    2078,
    4727,
    4908,
    5568
  ],
  "n_lines_css": [
    0,
    2,
    3,
    7,
    32,
    328,
    680,
    687,
    734,
    735,
    856,
    880,
    954,
    1015,
    1043,
    1068,
    1094,
    1166,
    1326,
    1402,
    1436,
    1445,
    1454,
    1730,
    1731,
    1792,
    1804,
    1826,
    1859,
    1922,
    1936,
    1948,
    1980,
    1996,
    2022,
    2048,
    2111,
    2199,
    2264,
    2549,
    2585,
    2602,
    2681,
    2792,
    2818,
    3019,
    3158,
    3686,
    4069,
    5073,
    5832
  ],
  "n_lines_css_raw": [
    0,
    110,
    210,
    1269,
    1386,
    2080,
    2524,
    2699,
    3325,
    3605,
    4152,
    4162,
    4315,
    5755,
    7079,
    8359,
    8502,
    8629,
    8959,
    9973,
    10021,
    10140,
    10317,
    10696,
    11409,
    11771,
    12178,
    13400,
    13528,
    13856,
    14056,
    15401,
    15518,
    15557,
    16117,
    18225,
    19548,
    24804,
    26542,
    27522,
    28719,
    28882,
    32272,
    41997,
    42437,
    44052,
    45158,
    46460,
    48763,
    52368,
    69710
  ],
  "n_lines_html": [
    16,
    262,
    353,
    362,
    397,
    408,
    408,
    430,
    524,
    601,
    603,
    632,
    645,
    661,
    668,
    685,
    690,
    728,
    754,
    766,
    768,
    802,
    828,
    840,
    862,
    863,
    895,
    897,
    920,
    953,
    965,
    1051,
    1090,
    1114,
    1150,
    1205,
    1240,
    1269,
    1409,
    1516,
    1522,
    1675,
    1682,
    1693,
    1747,
    1762,
    1801,
    1963,
    2135,
    2230,
    2420,
    2943,
    2989,
    3712,
    4107,
    5723,
    7965
  ],
  "n_lines_html_raw": [
    2,
    12,
    62,
    135,
    164,
    203,
    304,
    334,
    348,
    388,
    447,
    481,
    504,
    506,
    674,
    702,
    714,
    730,
    750,
    751,
    769,
    771,
    801,
    851,
    905,
    910,
    951,
    1022,
    1103,
    1165,
    1168,
    1216,
    1247,
    1268,
    1356,
    1359,
    1434,
    1446,
    1744,
    1862,
    2224,
    2328,
    2330,
    2373,
    2411,
    2479,
    2590,
    2946,
    3361,
    3740,
    3743,
    4960,
    5885,
    7300,
    7359,
    10674,
    11094
  ],
  "n_websites": 57,
  "screenshot_height": [
    1024,
    1024,
    1546,
    2549,
    3267,
    3763,
    4229,
    4311,
    4542,
    4727,
    4789,
    4899,
    5523,
    6230,
    6627,
    7047,
    7059,
    7133,
    7506,
    8332,
    9813,
    9845,
    9926,
    10336,
    10460,
    10630,
    10798,
    11896,
    12046,
    12212,
    12668,
    13101,
    13167,
    13220,
    13704,
    13944,
    13992,
    14689,
    15052,
    19448,
    19604,
    19630,
    19930,
    20846,
    21546,
    23309,
    24545,
    26585,
    27507,
    32108,
    38110,
    40016,
    42202,
    49151,
    63356,
    89816,
    133543
  ],